Thickness,Height,Angle (deg),Bending_Stiffness
3.179,56.57,54.9,1735.1170173800367
3.179,56.57,54.9,1735.1170173800367
3.181,39.478,68.2,753.4831768750781
3.181,39.478,68.2,753.4831768750781
3.187,91.236,64.6,4687.3746117434
3.187,91.236,64.6,4687.3746117434
3.19,93.433,63.3,4970.296544130622
3.19,93.433,63.3,4970.296544130622
3.209,54.818,65.6,1324.901616611122
3.209,54.818,65.6,1324.901616611122
3.21,113.98,68.5,7612.061227988982
3.21,113.98,68.5,7612.061227988982
3.213,83.115,63.7,3920.995104102699
3.213,83.115,63.7,3920.995104102699
3.214,99.422,59.2,5312.167589206415
3.214,99.422,59.2,5312.167589206415
3.218,122.116,68.8,8450.880494222849
3.218,122.116,68.8,8450.880494222849
3.23,105.732,60.7,6041.863006385251
3.23,105.732,60.7,6041.863006385251
3.234,96.357,69.6,5487.016618106646
3.236,37.884,34.3,767.4494838067423
3.239,60.47,67.4,2139.792378476216
3.248,99.447,68.0,4406.007850954715
3.249,120.145,66.7,8427.336610219467
3.25,15.153,21.7,133.30451928975154
3.255,20.049,59.1,134.02150378127754
3.257,37.249,30.3,725.824353442458
3.262,101.802,61.7,5918.932589960596
3.263,45.038,52.6,1156.1898453166827
3.265,26.971,55.1,421.2893108284516
3.271,21.279,17.7,250.30082896881743
3.273,76.698,48.6,3138.708598952631
3.276,122.188,64.8,8673.800228131118
3.279,119.996,66.8,8467.399547998757
3.282,113.206,64.2,7341.282617712374
3.29,82.978,62.6,3580.996596698395
3.29,89.582,60.1,4512.831183175178
3.299,37.064,44.1,776.7350576218167
3.312,104.322,63.7,6347.7350610782205
3.34,44.379,66.1,1155.86466780081
3.343,14.046,10.2,106.92758482420552
3.355,22.94,54.6,319.208670898669
3.355,84.079,57.8,4006.874624086936
3.358,48.345,36.9,1287.2426572662478
3.377,65.027,54.4,2449.0792157251904
3.38,114.223,68.9,8065.940755073303
3.391,60.123,43.1,2012.022669201755
3.4,102.7,59.2,6199.364631038756
3.401,30.303,55.6,51.00103580090023
3.403,106.954,60.6,6797.74117120446
3.408,31.877,63.8,617.7274614755369
3.41,94.854,69.9,5625.999704824345
3.418,108.752,69.9,7544.021666602556
3.419,62.749,41.9,2054.424191121792
3.421,72.557,63.6,3169.8835556154363
3.425,42.556,45.1,1027.5843492412405
3.433,126.017,67.6,9916.164676360686
3.445,102.515,63.7,6196.344134353087
3.456,75.605,64.7,3509.677733680283
3.457,81.689,53.7,3889.2155370142304
3.468,94.353,59.8,5379.624055870184
3.519,126.352,68.4,10036.201261178963
3.519,126.352,68.4,10036.201261178963
3.529,101.344,58.7,6083.6729571271935
3.529,101.344,58.7,6083.6729571271935
3.539,53.844,44.9,1663.2984213845536
3.539,53.844,44.9,1663.2984213845536
3.544,62.307,54.6,2350.3136003366385
3.544,62.307,54.6,2350.3136003366385
3.563,23.539,58.4,352.9309549324728
3.563,23.539,58.4,352.9309549324728
3.569,14.038,13.8,136.74832718416906
3.569,14.038,13.8,136.74832718416906
3.572,80.537,61.3,4005.245219522853
3.572,80.537,61.3,4005.245219522853
3.58,77.584,51.2,3588.5349899883317
3.58,77.584,51.2,3588.5349899883317
3.582,105.265,59.4,6881.397807213015
3.582,105.265,59.4,6881.397807213015
3.585,102.19,69.6,6938.4897120309815
3.585,102.19,69.6,6938.4897120309815
3.589,104.284,63.1,6966.707966348639
3.598,38.601,63.3,946.8076516691322
3.599,49.051,61.3,1569.2422018090451
3.6,71.458,45.8,1661.641774591915
3.603,105.294,69.7,7319.717145303352
3.608,82.291,62.9,4399.909918573353
3.61,122.391,63.5,9611.224161542505
3.612,120.966,62.0,9181.38527825782
3.628,125.066,68.7,10534.215715720726
3.647,53.749,55.4,1834.654420171826
3.657,28.925,45.5,543.1504886475313
3.67,98.237,61.7,6257.278102728419
3.672,55.122,44.7,1836.0541267243543
3.675,96.705,65.2,6214.769248970818
3.704,79.878,60.1,4178.205550992774
3.717,61.423,56.4,2453.1170461910374
3.751,69.91,47.0,2143.389601797356
3.751,69.91,47.0,2143.389601797356
3.753,91.976,65.6,5775.335532688228
3.753,91.976,65.6,5775.335532688228
3.754,119.514,70.0,10080.789407827033
3.754,119.514,70.0,10080.789407827033
3.759,30.814,55.8,150.60148317565657
3.759,30.814,55.8,150.60148317565657
3.772,83.426,58.1,4619.279823428617
3.772,83.426,58.1,4619.279823428617
3.774,123.96,65.1,10434.00131769209
3.774,123.96,65.1,10434.00131769209
3.781,126.442,65.1,10841.811860974913
3.781,126.442,65.1,10841.811860974913
3.784,105.559,61.3,7444.054663575326
3.784,105.559,61.3,7444.054663575326
3.784,63.491,57.2,2651.121612342797
3.784,63.491,57.2,2651.121612342797
3.832,79.951,57.0,4282.138884678207
3.832,79.951,57.0,4282.138884678207
3.833,107.508,63.6,6998.220882279655
3.833,107.508,63.6,6998.220882279655
3.833,76.881,49.3,3627.630987942219
3.833,76.881,49.3,3627.630987942219
3.843,64.712,44.1,954.2325059445276
3.843,64.712,44.1,954.2325059445276
3.849,15.508,16.8,162.0788616817232
3.849,15.508,16.8,162.0788616817232
3.866,114.549,65.7,9199.029615938149
3.866,114.549,65.7,9199.029615938149
3.866,41.28,51.5,1165.8114180288294
3.866,41.28,51.5,1165.8114180288294
3.868,36.506,67.9,934.6657895866304
3.868,36.506,67.9,934.6657895866304
3.883,22.81,38.9,133.7467970893831
3.883,22.81,38.9,133.7467970893831
3.889,110.298,59.6,8153.292088229038
3.889,110.298,59.6,8153.292088229038
3.891,30.524,22.8,488.492102732753
3.891,30.524,22.8,488.492102732753
3.894,88.531,61.1,5426.580703683194
3.894,88.531,61.1,5426.580703683194
3.908,120.421,68.3,10527.869029718053
3.908,120.421,68.3,10527.869029718053
3.911,18.174,57.8,205.1846435502646
3.911,18.174,57.8,205.1846435502646
3.92,122.607,69.2,11031.15706318428
3.92,122.607,69.2,11031.15706318428
3.925,39.721,35.9,1049.877424061857
3.925,39.721,35.9,1049.877424061857
3.926,120.878,69.0,10694.274109024936
3.926,120.878,69.0,10694.274109024936
3.929,51.883,51.0,109.87649271862948
3.929,51.883,51.0,109.87649271862948
3.93,63.713,43.9,2636.8387432341656
3.93,63.713,43.9,2636.8387432341656
3.947,68.863,66.7,3455.920619060055
3.947,68.863,66.7,3455.920619060055
3.966,119.008,64.3,10070.2755204913
3.966,119.008,64.3,10070.2755204913
3.968,27.855,46.4,467.5854851102992
3.968,27.855,46.4,467.5854851102992
3.968,91.295,59.8,5780.875768522025
3.968,91.295,59.8,5780.875768522025
3.971,49.984,60.0,1770.2580162239442
3.971,49.984,60.0,1770.2580162239442
3.972,37.737,58.4,1022.4900183771276
3.972,37.737,58.4,1022.4900183771276
3.984,83.306,63.4,2688.3524705084437
3.984,83.306,63.4,2688.3524705084437
4.001,60.278,67.9,2496.254614481752
4.001,60.278,67.9,2496.254614481752
4.01,113.809,62.6,9165.62220278406
4.01,113.809,62.6,9165.62220278406
4.011,43.48,40.0,1303.250379461292
4.011,43.48,40.0,1303.250379461292
4.033,91.408,69.8,6274.353212292786
4.033,91.408,69.8,6274.353212292786
4.058,27.291,55.3,59.76909017813736
4.058,27.291,55.3,59.76909017813736
4.059,42.073,58.9,1307.7032913802484
4.059,42.073,58.9,1307.7032913802484
4.083,53.274,52.5,2063.080959294078
4.083,53.274,52.5,2063.080959294078
4.087,57.954,59.2,2473.3050444378964
4.087,57.954,59.2,2473.3050444378964
4.107,89.743,54.8,5534.427450572035
4.107,89.743,54.8,5534.427450572035
4.135,85.54,60.1,5326.017767282006
4.135,85.54,60.1,5326.017767282006
4.153,66.487,43.2,3007.564267035009
4.153,66.487,43.2,3007.564267035009
4.16,92.32,64.4,6429.426529682236
4.16,92.32,64.4,6429.426529682236
4.163,90.836,61.3,6160.341168041376
4.163,90.836,61.3,6160.341168041376
4.165,88.513,58.1,5739.739625958687
4.165,88.513,58.1,5739.739625958687
4.179,109.586,66.4,9236.855075836354
4.179,109.586,66.4,9236.855075836354
4.179,45.418,63.0,1587.9846133748
4.179,45.418,63.0,1587.9846133748
4.191,28.216,32.9,611.9303143780102
4.191,28.216,32.9,611.9303143780102
4.211,106.661,62.9,8598.94030895298
4.211,106.661,62.9,8598.94030895298
4.213,101.819,62.3,7822.988142528816
4.213,101.819,62.3,7822.988142528816
4.214,96.106,61.4,6950.930507654228
4.214,96.106,61.4,6950.930507654228
4.227,21.761,45.8,394.6494979711906
4.227,21.761,45.8,394.6494979711906
4.23,105.426,68.6,8789.616709799533
4.23,105.426,68.6,8789.616709799533
4.231,96.283,59.7,6939.782586197011
4.231,96.283,59.7,6939.782586197011
4.234,102.324,59.1,7770.4649265797425
4.234,102.324,59.1,7770.4649265797425
4.234,92.212,60.2,6414.427589416793
4.234,92.212,60.2,6414.427589416793
4.238,62.683,57.0,2910.2163545613967
4.238,62.683,57.0,2910.2163545613967
4.24,74.891,59.0,3482.650733985352
4.24,74.891,59.0,3482.650733985352
4.244,95.215,67.7,7076.583334725504
4.244,95.215,67.7,7076.583334725504
4.247,92.939,64.9,6719.082048691503
4.247,92.939,64.9,6719.082048691503
4.261,66.718,51.1,3301.457139683411
4.261,66.718,51.1,3301.457139683411
4.262,115.57,68.3,10619.308162865129
4.262,115.57,68.3,10619.308162865129
4.273,115.523,67.9,10624.777929157315
4.273,115.523,67.9,10624.777929157315
4.296,52.768,60.9,2054.000375029366
4.296,52.768,60.9,2054.000375029366
4.298,107.525,65.1,9071.406561819147
4.298,107.525,65.1,9071.406561819147
4.305,54.269,66.1,2368.978517362388
4.305,54.269,66.1,2368.978517362388
4.317,109.418,65.8,9483.35976623292
4.317,109.418,65.8,9483.35976623292
4.324,57.411,69.4,2673.372035105086
4.324,57.411,69.4,2673.372035105086
4.324,62.192,46.3,2865.600377400438
4.324,62.192,46.3,2865.600377400438
4.332,123.638,67.3,12286.725080218896
4.332,123.638,67.3,12286.725080218896
4.345,66.137,45.0,3165.6383957487124
4.345,66.137,45.0,3165.6383957487124
4.353,68.181,46.0,3425.533871750699
4.353,68.181,46.0,3425.533871750699
4.354,95.16,63.1,7055.684147649282
4.354,95.16,63.1,7055.684147649282
4.36,69.625,67.3,1305.1011500350237
4.36,69.625,67.3,1305.1011500350237
4.366,102.453,69.3,8638.501118995291
4.366,102.453,69.3,8638.501118995291
4.367,51.933,56.9,2115.8952178344075
4.367,51.933,56.9,2115.8952178344075
4.367,99.27,69.0,8079.015274430726
4.367,99.27,69.0,8079.015274430726
4.371,45.093,43.7,1428.6033455145443
4.371,45.093,43.7,1428.6033455145443
4.376,87.807,61.5,6081.523900357073
4.376,87.807,61.5,6081.523900357073
4.378,31.276,45.4,802.9395060442758
4.378,31.276,45.4,802.9395060442758
4.381,111.778,60.6,9657.001617279604
4.381,111.778,60.6,9657.001617279604
4.381,32.086,22.5,757.6284863555419
4.381,32.086,22.5,757.6284863555419
4.383,119.849,63.9,11361.136211909092
4.383,119.849,63.9,11361.136211909092
4.388,119.348,69.6,11808.78205765043
4.388,119.348,69.6,11808.78205765043
4.391,38.387,28.0,1084.486789274304
4.391,38.387,28.0,1084.486789274304
4.395,36.221,63.7,1040.7499810970824
4.395,36.221,63.7,1040.7499810970824
4.407,68.72,47.7,670.1683669786697
4.407,68.72,47.7,670.1683669786697
4.409,119.395,66.4,11591.70041003245
4.409,119.395,66.4,11591.70041003245
4.416,126.787,69.3,13389.4078372749
4.416,126.787,69.3,13389.4078372749
4.419,77.389,55.1,4650.799620098258
4.419,77.389,55.1,4650.799620098258
4.424,36.029,32.1,918.6386764371076
4.424,36.029,32.1,918.6386764371076
4.426,49.169,39.7,1783.1049636182772
4.426,49.169,39.7,1783.1049636182772
4.427,26.159,50.9,584.4029114730188
4.427,26.159,50.9,584.4029114730188
4.43,90.432,69.6,6689.916948165572
4.43,90.432,69.6,6689.916948165572
4.433,108.738,66.4,9692.60233106509
4.433,108.738,66.4,9692.60233106509
4.459,93.263,68.6,6267.692921409505
4.459,93.263,68.6,6267.692921409505
4.477,40.743,51.5,1312.4432760059044
4.477,40.743,51.5,1312.4432760059044
4.483,46.1,61.5,1764.5029291343508
4.483,46.1,61.5,1764.5029291343508
4.486,80.426,65.5,5373.609465059997
4.486,80.426,65.5,5373.609465059997
4.489,89.293,53.4,6138.78003437016
4.489,89.293,53.4,6138.78003437016
4.498,22.141,34.7,435.9376651474174
4.498,22.141,34.7,435.9376651474174
4.499,66.394,63.1,3045.4688883347994
4.499,66.394,63.1,3045.4688883347994
4.505,38.676,65.5,56.25560110159675
4.505,38.676,65.5,56.25560110159675
4.505,58.523,53.6,2528.0305005225778
4.505,58.523,53.6,2528.0305005225778
4.518,95.38,56.8,7173.63538271356
4.518,95.38,56.8,7173.63538271356
4.524,43.698,63.2,1583.049710982374
4.524,43.698,63.2,1583.049710982374
4.526,39.133,64.0,1301.8464430965537
4.526,39.133,64.0,1301.8464430965537
4.531,57.984,59.8,1363.14102589236
4.531,57.984,59.8,1363.14102589236
4.536,123.641,66.3,12777.91165500305
4.536,123.641,66.3,12777.91165500305
4.539,47.935,62.5,1920.9796702959816
4.539,47.935,62.5,1920.9796702959816
4.546,71.796,52.5,4088.022484299199
4.546,71.796,52.5,4088.022484299199
4.553,14.485,36.3,214.01753167467265
4.553,14.485,36.3,214.01753167467265
4.557,37.546,36.3,676.1634311826773
4.557,37.546,36.3,676.1634311826773
4.559,29.636,36.2,759.4397393990621
4.559,29.636,36.2,759.4397393990621
4.566,49.601,44.4,1729.782413814035
4.566,49.601,44.4,1729.782413814035
4.566,93.877,66.3,7463.594142449492
4.566,93.877,66.3,7463.594142449492
4.57,59.649,67.9,3057.894334200585
4.57,59.649,67.9,3057.894334200585
4.58,84.675,57.0,5788.44269896645
4.58,84.675,57.0,5788.44269896645
4.614,113.261,69.8,11223.089622781406
4.614,113.261,69.8,11223.089622781406
4.625,105.745,68.7,9708.648777527278
4.625,105.745,68.7,9708.648777527278
4.629,117.436,62.5,11442.50851515273
4.629,117.436,62.5,11442.50851515273
4.632,27.04,46.6,650.0061849312325
4.632,27.04,46.6,650.0061849312325
4.634,78.171,60.8,5155.0515492822815
4.634,78.171,60.8,5155.0515492822815
4.635,39.797,38.2,1309.3951689589503
4.635,39.797,38.2,1309.3951689589503
4.645,104.847,65.3,9406.751931455408
4.645,104.847,65.3,9406.751931455408
4.647,105.478,64.9,9492.273828520703
4.647,105.478,64.9,9492.273828520703
4.647,56.505,47.1,2627.1173117826083
4.647,56.505,47.1,2627.1173117826083
4.648,70.208,53.0,3949.062583297744
4.648,70.208,53.0,3949.062583297744
4.652,18.63,40.5,340.4535725486622
4.652,18.63,40.5,340.4535725486622
4.654,93.686,67.2,7639.31366226917
4.654,93.686,67.2,7639.31366226917
4.659,90.869,64.0,7061.282134490974
4.659,90.869,64.0,7061.282134490974
4.667,31.393,38.5,870.0527636680517
4.667,31.393,38.5,870.0527636680517
4.67,125.691,68.2,13824.378168374884
4.67,125.691,68.2,13824.378168374884
4.687,108.41,60.1,9749.265274052832
4.687,108.41,60.1,9749.265274052832
4.688,59.837,49.5,2869.9489700558606
4.688,59.837,49.5,2869.9489700558606
4.688,62.016,58.2,3290.41059160318
4.688,62.016,58.2,3290.41059160318
4.691,77.359,50.9,4812.894156749982
4.691,77.359,50.9,4812.894156749982
4.694,108.194,68.9,10361.126289488278
4.694,108.194,68.9,10361.126289488278
4.723,27.548,47.6,195.13029805791413
4.723,27.548,47.6,195.13029805791413
4.726,122.223,67.9,13207.248434142171
4.726,122.223,67.9,13207.248434142171
4.726,59.362,54.0,3009.92580837304
4.726,59.362,54.0,3009.92580837304
4.73,42.767,51.5,1606.3982554691802
4.73,42.767,51.5,1606.3982554691802
4.735,29.698,49.0,529.2626911706291
4.735,29.698,49.0,529.2626911706291
4.737,50.821,68.4,2315.29530035834
4.737,50.821,68.4,2315.29530035834
4.743,39.76,55.5,1371.0663357990743
4.743,39.76,55.5,1371.0663357990743
4.747,123.073,67.5,13392.617988495018
4.747,123.073,67.5,13392.617988495018
4.757,97.043,60.2,7535.361214183132
4.757,97.043,60.2,7535.361214183132
4.761,82.567,54.1,5642.255411023511
4.761,82.567,54.1,5642.255411023511
4.762,13.353,35.7,203.00581619541413
4.762,13.353,35.7,203.00581619541413
4.766,120.403,62.4,12340.300866140611
4.766,120.403,62.4,12340.300866140611
4.766,41.857,68.7,10.9126992776178
4.766,41.857,68.7,10.9126992776178
4.766,53.127,68.9,391.7992613489881
4.766,53.127,68.9,391.7992613489881
4.766,55.238,37.1,2431.354140200821
4.766,55.238,37.1,2431.354140200821
4.767,125.186,69.2,14115.67387261332
4.767,125.186,69.2,14115.67387261332
4.793,36.062,31.9,922.7393296844158
4.793,36.062,31.9,922.7393296844158
4.796,74.198,51.6,4611.488705878542
4.796,74.198,51.6,4611.488705878542
4.808,29.999,70.0,267.88264853983856
4.808,29.999,70.0,267.88264853983856
4.809,103.766,67.5,9683.78001665184
4.809,103.766,67.5,9683.78001665184
4.815,24.39,50.1,581.2338305091969
4.815,24.39,50.1,581.2338305091969
4.819,119.362,64.1,12474.016662601733
4.819,119.362,64.1,12474.016662601733
4.82,104.743,58.8,9308.73471549216
4.82,104.743,58.8,9308.73471549216
4.824,33.913,46.8,1046.87159517542
4.824,33.913,46.8,1046.87159517542
4.83,88.323,54.4,5656.720171418967
4.83,88.323,54.4,5656.720171418967
4.831,45.365,49.7,1840.6686778463804
4.831,45.365,49.7,1840.6686778463804
4.832,86.376,57.8,6429.906842540831
4.832,86.376,57.8,6429.906842540831
4.836,110.216,69.9,11157.108179420164
4.836,110.216,69.9,11157.108179420164
4.838,105.338,69.5,10174.308477029968
4.838,105.338,69.5,10174.308477029968
4.838,36.448,44.2,1204.875068209594
4.838,36.448,44.2,1204.875068209594
4.858,125.23,64.5,13855.657360623449
4.858,125.23,64.5,13855.657360623449
4.867,92.905,63.1,7689.722218697873
4.867,92.905,63.1,7689.722218697873
4.876,58.937,54.5,3090.115992340412
4.876,58.937,54.5,3090.115992340412
4.882,37.693,33.7,119.4217132198836
4.882,37.693,33.7,119.4217132198836
4.907,81.018,51.4,5567.851927609004
4.907,81.018,51.4,5567.851927609004
4.916,79.496,55.6,5379.066232242971
4.916,79.496,55.6,5379.066232242971
4.917,55.96,52.4,2812.657392754704
4.917,55.96,52.4,2812.657392754704
4.917,61.07,66.0,3470.2985495846247
4.917,61.07,66.0,3470.2985495846247
4.928,87.2,68.4,7076.66910636105
4.928,87.2,68.4,7076.66910636105
4.93,63.284,66.5,9.8995189431676
4.93,63.284,66.5,9.8995189431676
4.932,15.037,19.7,39.12467108261866
4.932,15.037,19.7,39.12467108261866
4.94,23.502,25.3,541.0332441376057
4.94,23.502,25.3,541.0332441376057
4.947,109.731,61.8,10705.354970725311
4.947,109.731,61.8,10705.354970725311
4.95,125.361,68.5,14597.534063373816
4.95,125.361,68.5,14597.534063373816
4.951,84.393,51.4,6032.978414955214
4.951,84.393,51.4,6032.978414955214
4.961,126.971,67.1,14881.35869892408
4.961,126.971,67.1,14881.35869892408
4.965,121.893,68.1,13791.460518256865
4.965,121.893,68.1,13791.460518256865
4.966,62.918,68.6,3717.722318863844
4.966,62.918,68.6,3717.722318863844
4.974,110.291,68.6,11422.07902845726
4.974,110.291,68.6,11422.07902845726
4.979,39.491,54.3,1482.3338375279486
4.979,39.491,54.3,1482.3338375279486
4.984,64.755,61.4,3810.3759413346393
4.984,64.755,61.4,3810.3759413346393
4.991,39.645,47.4,1472.803477442396
4.991,39.645,47.4,1472.803477442396
4.995,58.37,58.8,3157.179140849148
4.995,58.37,58.8,3157.179140849148
4.999,102.533,69.0,9921.94826294472
4.999,102.533,69.0,9921.94826294472
5.001,41.183,59.2,1599.3959008398251
5.001,41.183,59.2,1599.3959008398251
5.002,72.791,51.9,4680.995006283551
5.002,72.791,51.9,4680.995006283551
5.021,90.306,55.6,6842.899688961879
5.021,90.306,55.6,6842.899688961879
5.026,73.612,55.7,4867.855726880321
5.026,73.612,55.7,4867.855726880321
5.03,18.013,32.3,360.0507394452201
5.03,18.013,32.3,360.0507394452201
5.031,99.048,68.8,9335.175188875844
5.031,99.048,68.8,9335.175188875844
5.032,20.617,44.5,318.2455896825624
5.032,20.617,44.5,318.2455896825624
5.067,120.813,68.2,13916.8051736261
5.067,120.813,68.2,13916.8051736261
5.067,28.605,54.3,805.7299189929973
5.067,28.605,54.3,805.7299189929973
5.07,117.659,61.7,12552.08458454614
5.07,117.659,61.7,12552.08458454614
5.076,66.882,51.6,3394.8891750565062
5.076,66.882,51.6,3394.8891750565062
5.077,116.889,66.3,12866.415105769593
5.077,116.889,66.3,12866.415105769593
5.08,117.472,68.4,13175.214092937402
5.08,117.472,68.4,13175.214092937402
5.092,98.147,61.4,8876.65054440624
5.092,98.147,61.4,8876.65054440624
5.095,65.872,53.7,3975.1881366168186
5.095,65.872,53.7,3975.1881366168186
5.107,100.151,59.1,8926.365626145129
5.107,100.151,59.1,8926.365626145129
5.108,41.933,29.5,1566.6926377137754
5.108,41.933,29.5,1566.6926377137754
5.118,102.183,61.7,9612.459938079828
5.118,102.183,61.7,9612.459938079828
5.126,24.302,40.2,360.5713945481592
5.126,24.302,40.2,360.5713945481592
5.128,36.089,45.3,1265.6343363556168
5.128,36.089,45.3,1265.6343363556168
5.14,24.333,68.3,636.0909322974469
5.14,24.333,68.3,636.0909322974469
5.184,99.9,66.7,9552.009999028009
5.184,99.9,66.7,9552.009999028009
5.185,120.234,63.7,13612.739503371346
5.185,120.234,63.7,13612.739503371346
5.196,100.226,58.7,9229.31240531875
5.196,100.226,58.7,9229.31240531875
5.197,30.347,65.1,783.2676871598569
5.197,30.347,65.1,783.2676871598569
5.207,36.955,50.3,1360.296383661988
5.207,36.955,50.3,1360.296383661988
5.229,96.326,67.4,7446.917743765618
5.229,96.326,67.4,7446.917743765618
5.241,72.971,46.5,4756.819810321696
5.241,72.971,46.5,4756.819810321696
5.263,70.517,55.8,4739.535478484995
5.263,70.517,55.8,4739.535478484995
5.269,12.771,15.9,209.0225518711081
5.269,12.771,15.9,209.0225518711081
5.27,29.378,39.5,877.7633056674292
5.27,29.378,39.5,877.7633056674292
5.27,54.396,56.8,2863.491229176433
5.27,54.396,56.8,2863.491229176433
5.271,79.26,67.8,6282.844477531401
5.271,79.26,67.8,6282.844477531401
5.274,42.011,28.1,1605.522694457651
5.274,42.011,28.1,1605.522694457651
5.278,43.882,29.8,1763.117262399984
5.278,43.882,29.8,1763.117262399984
5.302,118.315,64.9,13647.940346566444
5.302,118.315,64.9,13647.940346566444
5.303,78.579,57.3,5123.176364985758
5.303,78.579,57.3,5123.176364985758
5.306,60.454,61.5,3592.6325487270806
5.306,60.454,61.5,3592.6325487270806
5.312,31.547,61.6,948.3703720039418
5.312,31.547,61.6,948.3703720039418
5.313,57.08,46.5,3107.767529069024
5.313,57.08,46.5,3107.767529069024
5.322,126.117,66.5,15730.128026965822
5.322,126.117,66.5,15730.128026965822
5.334,51.778,43.1,72.94341538190359
5.334,51.778,43.1,72.94341538190359
5.335,68.875,43.8,4296.882959073572
5.335,68.875,43.8,4296.882959073572
5.343,86.802,59.4,7109.594505746814
5.343,86.802,59.4,7109.594505746814
5.347,103.621,69.0,10913.100133493324
5.347,103.621,69.0,10913.100133493324
5.35,101.695,59.2,9874.645285666506
5.35,101.695,59.2,9874.645285666506
5.351,71.215,64.1,4990.09169717296
5.351,71.215,64.1,4990.09169717296
5.358,96.555,66.6,9327.274690327486
5.358,96.555,66.6,9327.274690327486
5.363,109.239,62.8,11562.99189392705
5.363,109.239,62.8,11562.99189392705
5.364,38.823,60.0,1550.3005723802416
5.364,38.823,60.0,1550.3005723802416
5.371,19.804,68.8,469.087844409595
5.371,19.804,68.8,469.087844409595
5.386,48.196,52.4,2352.118192545831
5.386,48.196,52.4,2352.118192545831
5.395,42.026,45.3,1799.7718942252302
5.395,42.026,45.3,1799.7718942252302
5.396,26.865,39.0,794.5482354855374
5.396,26.865,39.0,794.5482354855374
5.4,31.05,68.9,1057.7488893000825
5.4,31.05,68.9,1057.7488893000825
5.4,92.112,69.5,8727.100625650002
5.4,92.112,69.5,8727.100625650002
5.404,95.649,61.0,8988.550546741784
5.404,95.649,61.0,8988.550546741784
5.456,23.092,63.1,617.20265369148
5.456,23.092,63.1,617.20265369148
5.457,91.534,64.3,8479.500170305659
5.457,91.534,64.3,8479.500170305659
5.477,60.795,54.8,3735.221760902932
5.477,60.795,54.8,3735.221760902932
5.48,46.07,38.7,920.30629908807
5.48,46.07,38.7,920.30629908807
5.49,52.622,39.6,2699.90444900162
5.49,52.622,39.6,2699.90444900162
5.49,60.792,40.0,3479.6225550188533
5.49,60.792,40.0,3479.6225550188533
5.505,32.82,23.5,491.9873318513983
5.505,32.82,23.5,491.9873318513983
5.507,16.356,36.0,343.78067468488734
5.507,16.356,36.0,343.78067468488734
5.518,18.847,27.5,103.01627476112566
5.518,18.847,27.5,103.01627476112566
5.522,25.215,62.1,747.8990957111702
5.522,25.215,62.1,747.8990957111702
5.526,15.939,35.3,334.7832670913231
5.526,15.939,35.3,334.7832670913231
5.526,76.741,62.9,6082.11299713339
5.526,76.741,62.9,6082.11299713339
5.528,96.469,59.3,9262.378918298304
5.528,96.469,59.3,9262.378918298304
5.541,33.052,43.1,962.1258527680452
5.541,33.052,43.1,962.1258527680452
5.546,76.86,62.7,6096.243859052732
5.546,76.86,62.7,6096.243859052732
5.549,96.17,64.4,4125.689478456863
5.549,96.17,64.4,4125.689478456863
5.553,24.47,30.1,689.8574982897213
5.553,24.47,30.1,689.8574982897213
5.555,13.331,25.7,13.841977610919114
5.555,13.331,25.7,13.841977610919114
5.556,112.946,67.6,13316.316579825838
5.556,112.946,67.6,13316.316579825838
5.571,24.436,64.9,117.19449922692404
5.571,24.436,64.9,117.19449922692404
5.582,86.378,65.9,7802.191894567864
5.582,86.378,65.9,7802.191894567864
5.589,37.291,31.7,597.8708570936652
5.589,37.291,31.7,597.8708570936652
5.592,37.529,60.7,1564.9744148538637
5.592,37.529,60.7,1564.9744148538637
5.6,103.365,62.7,10948.194730505142
5.6,103.365,62.7,10948.194730505142
5.6,51.945,46.7,2781.49745469079
5.6,51.945,46.7,2781.49745469079
5.605,77.794,59.4,4129.334756042386
5.605,77.794,59.4,4129.334756042386
5.607,76.706,49.9,5680.165647688755
5.607,76.706,49.9,5680.165647688755
5.608,30.733,50.5,710.1060402488772
5.608,30.733,50.5,710.1060402488772
5.61,53.334,50.6,126.7051883112439
5.61,53.334,50.6,126.7051883112439
5.611,54.983,58.1,2984.222820496762
5.611,54.983,58.1,2984.222820496762
5.628,64.215,42.6,4013.043416352208
5.628,64.215,42.6,4013.043416352208
5.63,94.38,60.1,8998.472413275826
5.63,94.38,60.1,8998.472413275826
5.635,13.073,12.6,247.8372163996899
5.635,13.073,12.6,247.8372163996899
5.65,14.625,51.0,288.5914946630707
5.65,14.625,51.0,288.5914946630707
5.65,75.622,58.4,5939.0404971880935
5.65,75.622,58.4,5939.0404971880935
5.653,44.928,41.7,2109.700485945493
5.653,44.928,41.7,2109.700485945493
5.655,123.516,68.5,16298.4601816045
5.655,123.516,68.5,16298.4601816045
5.659,84.872,58.2,7402.727588037633
5.659,84.872,58.2,7402.727588037633
5.662,42.569,55.6,1902.5271527039445
5.662,42.569,55.6,1902.5271527039445
5.664,103.654,63.4,11198.88543564912
5.664,103.654,63.4,11198.88543564912
5.669,112.697,65.7,13311.12146290186
5.669,112.697,65.7,13311.12146290186
5.676,81.105,64.2,6993.8131449269695
5.676,81.105,64.2,6993.8131449269695
5.678,40.374,40.6,218.6042786662458
5.678,40.374,40.6,218.6042786662458
5.682,59.848,64.1,3831.8940035115775
5.682,59.848,64.1,3831.8940035115775
5.685,71.69,69.0,5499.299854592131
5.685,71.69,69.0,5499.299854592131
5.72,98.075,65.1,10239.70072402512
5.72,98.075,65.1,10239.70072402512
5.722,23.547,38.7,588.3365319757329
5.722,23.547,38.7,588.3365319757329
5.726,34.137,33.9,1208.6506939686442
5.726,34.137,33.9,1208.6506939686442
5.754,71.972,61.6,5588.257717337547
5.754,71.972,61.6,5588.257717337547
5.757,91.656,65.9,6632.408803383639
5.757,91.656,65.9,6632.408803383639
5.778,92.53,69.7,9503.676586315532
5.778,92.53,69.7,9503.676586315532
5.78,22.624,48.9,637.701571482882
5.78,22.624,48.9,637.701571482882
5.782,116.174,68.4,14689.653271939798
5.782,116.174,68.4,14689.653271939798
5.792,80.905,59.1,6769.752952116804
5.792,80.905,59.1,6769.752952116804
5.801,59.503,60.8,3905.917948772801
5.801,59.503,60.8,3905.917948772801
5.804,28.206,19.0,418.6084667665383
5.804,28.206,19.0,418.6084667665383
5.816,59.143,61.0,3875.845401053942
5.816,59.143,61.0,3875.845401053942
5.827,75.359,55.6,5979.69227436386
5.827,75.359,55.6,5979.69227436386
5.829,60.413,67.3,4086.073664255316
5.829,60.413,67.3,4086.073664255316
5.841,90.519,60.4,8766.501869624126
5.841,90.519,60.4,8766.501869624126
5.843,22.997,32.9,653.077665658105
5.843,22.997,32.9,653.077665658105
5.849,89.144,58.5,8339.207773171831
5.849,89.144,58.5,8339.207773171831
5.862,122.579,68.6,16717.24343581453
5.862,122.579,68.6,16717.24343581453
5.866,119.958,65.4,15662.734598777964
5.866,119.958,65.4,15662.734598777964
5.867,82.098,69.4,7603.505355402603
5.867,82.098,69.4,7603.505355402603
5.872,31.837,33.6,1185.6556120247683
5.872,31.837,33.6,1185.6556120247683
5.878,104.697,58.9,11329.5106812576
5.878,104.697,58.9,11329.5106812576
5.883,52.654,34.9,2627.3166171958333
5.883,52.654,34.9,2627.3166171958333
5.899,55.982,61.3,3454.913582736221
5.899,55.982,61.3,3454.913582736221
5.906,44.076,40.0,2157.195892025674
5.906,44.076,40.0,2157.195892025674
5.919,122.586,67.9,16817.05999482543
5.919,122.586,67.9,16817.05999482543
5.919,76.492,52.1,6061.165282960882
5.919,76.492,52.1,6061.165282960882
5.935,71.505,54.8,5549.918505256956
5.935,71.505,54.8,5549.918505256956
5.947,108.905,62.4,8330.098104115528
5.947,108.905,62.4,8330.098104115528
5.948,49.009,51.1,2702.0487464582075
5.948,49.009,51.1,2702.0487464582075
5.95,52.674,40.0,2439.375562999682
5.95,52.674,40.0,2439.375562999682
5.96,63.369,70.0,4651.280589208431
5.96,63.369,70.0,4651.280589208431
5.971,46.601,38.3,1665.444650420157
5.971,46.601,38.3,1665.444650420157
5.973,67.307,61.2,5093.617247645924
5.973,67.307,61.2,5093.617247645924
5.975,99.049,57.0,10396.959062354026
5.975,99.049,57.0,10396.959062354026
5.981,40.779,63.4,1985.7454512552167
5.981,40.779,63.4,1985.7454512552167
5.981,90.343,55.4,8678.043279994934
5.981,90.343,55.4,8678.043279994934
5.987,107.001,68.9,12950.71434055519
5.987,107.001,68.9,12950.71434055519
5.987,80.55,57.7,5729.471224711415
5.987,80.55,57.7,5729.471224711415
5.991,44.73,47.9,2284.6670917512142
5.991,44.73,47.9,2284.6670917512142
5.994,98.86,69.3,7638.616241440851
5.994,98.86,69.3,7638.616241440851
5.998,72.393,65.1,5964.408171377866
5.998,72.393,65.1,5964.408171377866
6.004,29.459,37.1,1066.053625130044
6.004,29.459,37.1,1066.053625130044
6.024,33.003,25.5,1266.3941279114194
6.024,33.003,25.5,1266.3941279114194
6.047,62.492,41.3,4118.377540400077
6.047,62.492,41.3,4118.377540400077
6.05,51.195,69.9,3103.8768661161166
6.05,51.195,69.9,3103.8768661161166
6.061,82.766,51.3,5554.48854933785
6.061,82.766,51.3,5554.48854933785
6.089,37.098,45.4,1627.3132513084151
6.089,37.098,45.4,1627.3132513084151
6.089,40.454,57.7,1981.2805465928589
6.089,40.454,57.7,1981.2805465928589
6.093,115.75,68.4,15513.748676650448
6.093,115.75,68.4,15513.748676650448
6.094,15.933,18.8,172.04782379617808
6.094,15.933,18.8,172.04782379617808
6.094,64.765,59.8,4832.086233968673
6.094,64.765,59.8,4832.086233968673
6.098,29.505,38.1,1075.348932959094
6.098,29.505,38.1,1075.348932959094
6.099,29.177,66.0,1046.9588972836443
6.099,29.177,66.0,1046.9588972836443
6.099,97.038,59.8,10441.906479847808
6.099,97.038,59.8,10441.906479847808
6.101,58.583,53.1,3147.66505368895
6.101,58.583,53.1,3147.66505368895
6.102,15.878,42.5,392.68716749436027
6.102,15.878,42.5,392.68716749436027
6.102,44.986,56.0,2287.459026846288
6.102,44.986,56.0,2287.459026846288
6.104,68.943,60.2,5455.700530865242
6.104,68.943,60.2,5455.700530865242
6.121,44.895,55.9,2408.202116465138
6.121,44.895,55.9,2408.202116465138
6.135,36.954,28.5,1589.4889640527738
6.135,36.954,28.5,1589.4889640527738
6.138,24.943,35.4,832.2135091790527
6.138,24.943,35.4,832.2135091790527
6.146,74.823,58.4,6390.583734742525
6.146,74.823,58.4,6390.583734742525
6.153,32.791,39.1,1289.3987134803176
6.153,32.791,39.1,1289.3987134803176
6.165,35.127,68.2,1509.335195327889
6.165,35.127,68.2,1509.335195327889
6.167,85.722,53.2,8018.762074199798
6.167,85.722,53.2,8018.762074199798
6.172,122.529,65.3,17169.935261798975
6.172,122.529,65.3,17169.935261798975
6.173,85.985,63.7,8325.658228890128
6.173,85.985,63.7,8325.658228890128
6.174,100.632,60.4,11352.545646601586
6.174,100.632,60.4,11352.545646601586
6.174,66.811,65.0,5287.653403849178
6.174,66.811,65.0,5287.653403849178
6.176,23.015,56.4,738.6868449641729
6.176,23.015,56.4,738.6868449641729
6.176,66.339,48.5,4899.210556188085
6.176,66.339,48.5,4899.210556188085
6.177,101.411,61.4,11626.425799043744
6.177,101.411,61.4,11626.425799043744
6.18,60.853,65.4,4406.11091167848
6.18,60.853,65.4,4406.11091167848
6.187,87.355,54.0,8202.020818715926
6.187,87.355,54.0,8202.020818715926
6.191,109.859,60.2,13333.956918609512
6.191,109.859,60.2,13333.956918609512
6.199,93.644,67.6,10334.571206995346
6.199,93.644,67.6,10334.571206995346
6.214,16.241,45.4,426.03883543649295
6.214,16.241,45.4,426.03883543649295
6.218,117.82,61.8,15624.048191108404
6.218,117.82,61.8,15624.048191108404
6.219,53.706,49.5,3254.718999141296
6.219,53.706,49.5,3254.718999141296
6.227,74.906,67.7,6720.854259502676
6.227,74.906,67.7,6720.854259502676
6.23,88.947,67.6,9349.78014424449
6.23,88.947,67.6,9349.78014424449
6.242,54.74,39.0,2497.408599932701
6.242,54.74,39.0,2497.408599932701
6.25,101.297,68.5,12131.623424197163
6.25,101.297,68.5,12131.623424197163
6.27,19.212,15.9,541.1114281495059
6.27,19.212,15.9,541.1114281495059
6.271,31.031,68.9,802.8226221674386
6.271,31.031,68.9,802.8226221674386
6.277,47.285,47.7,2639.261097048367
6.277,47.285,47.7,2639.261097048367
6.28,49.958,48.2,2872.610406641126
6.28,49.958,48.2,2872.610406641126
6.285,81.827,65.2,7947.188097520875
6.285,81.827,65.2,7947.188097520875
6.305,60.254,45.8,4168.55887759661
6.305,60.254,45.8,4168.55887759661
6.317,75.168,61.8,6679.103701328781
6.317,75.168,61.8,6679.103701328781
6.321,42.749,38.0,2204.2364963733794
6.321,42.749,38.0,2204.2364963733794
6.325,32.099,39.0,1310.23306423786
6.325,32.099,39.0,1310.23306423786
6.334,72.626,62.8,6321.630054055152
6.334,72.626,62.8,6321.630054055152
6.339,82.469,63.5,8142.771330650024
6.339,82.469,63.5,8142.771330650024
6.355,114.33,61.8,15113.370800629653
6.355,114.33,61.8,15113.370800629653
6.372,72.69,61.3,5256.5119400496005
6.372,72.69,61.3,5256.5119400496005
6.373,27.534,59.8,1053.1163615761047
6.373,27.534,59.8,1053.1163615761047
6.374,114.878,63.8,15533.215413418897
6.374,114.878,63.8,15533.215413418897
6.381,67.586,68.1,5614.208937753319
6.381,67.586,68.1,5614.208937753319
6.402,79.746,50.7,7137.812827832046
6.402,79.746,50.7,7137.812827832046
6.402,80.234,62.1,7761.074028219989
6.402,80.234,62.1,7761.074028219989
6.403,14.89,11.5,299.5915703165778
6.403,14.89,11.5,299.5915703165778
6.407,90.057,60.2,9591.021763759942
6.407,90.057,60.2,9591.021763759942
6.409,18.003,50.4,158.515022446321
6.409,18.003,50.4,158.515022446321
6.426,23.603,57.3,815.1562588205381
6.426,23.603,57.3,815.1562588205381
6.431,104.776,65.7,13297.610981951184
6.431,104.776,65.7,13297.610981951184
6.437,59.929,48.0,4266.125263532161
6.437,59.929,48.0,4266.125263532161
6.44,36.774,36.9,1697.263476403575
6.44,36.774,36.9,1697.263476403575
6.447,96.273,65.3,10855.777131425426
6.447,96.273,65.3,10855.777131425426
6.448,40.285,28.3,1938.0089433456635
6.448,40.285,28.3,1938.0089433456635
6.449,15.703,61.5,342.1123761833134
6.449,15.703,61.5,342.1123761833134
6.451,51.432,63.2,3310.6045808221534
6.451,51.432,63.2,3310.6045808221534
6.454,47.799,44.9,2811.432692582209
6.454,47.799,44.9,2811.432692582209
6.462,33.59,30.4,1441.469256826112
6.462,33.59,30.4,1441.469256826112
6.462,68.887,57.6,5691.262003690637
6.462,68.887,57.6,5691.262003690637
6.463,47.386,36.4,2674.764682960137
6.463,47.386,36.4,2674.764682960137
6.478,21.626,14.3,654.955451996828
6.478,21.626,14.3,654.955451996828
6.48,75.519,51.0,6637.639139635681
6.48,75.519,51.0,6637.639139635681
6.481,85.101,60.8,8724.29097523485
6.481,85.101,60.8,8724.29097523485
6.483,82.071,66.0,8335.5926650338
6.483,82.071,66.0,8335.5926650338
6.488,91.703,67.7,10468.4265324712
6.488,91.703,67.7,10468.4265324712
6.489,71.199,46.5,5798.121790237151
6.489,71.199,46.5,5798.121790237151
6.494,98.674,57.5,11336.29759489946
6.494,98.674,57.5,11336.29759489946
6.496,22.656,26.6,750.5918751474021
6.496,22.656,26.6,750.5918751474021
6.501,117.629,62.0,16367.867867025743
6.501,117.629,62.0,16367.867867025743
6.51,98.93,64.5,11972.611521265126
6.51,98.93,64.5,11972.611521265126
6.511,114.623,68.9,16385.047153059288
6.511,114.623,68.9,16385.047153059288
6.513,92.454,54.3,9871.849454605554
6.513,92.454,54.3,9871.849454605554
6.517,53.448,40.1,3362.873930172605
6.517,53.448,40.1,3362.873930172605
6.519,65.076,67.9,5403.093270066103
6.519,65.076,67.9,5403.093270066103
6.523,24.979,44.8,908.2821478642232
6.523,24.979,44.8,908.2821478642232
6.532,43.496,40.9,2380.097857231048
6.532,43.496,40.9,2380.097857231048
6.534,41.797,62.9,1273.6665278997918
6.534,41.797,62.9,1273.6665278997918
6.536,39.917,35.6,1997.3595458099207
6.536,39.917,35.6,1997.3595458099207
6.543,68.168,42.9,5307.871020007182
6.543,68.168,42.9,5307.871020007182
6.561,49.501,39.6,1480.057162567857
6.561,49.501,39.6,1480.057162567857
6.563,24.525,55.2,879.9629538260306
6.563,24.525,55.2,879.9629538260306
6.564,112.675,66.6,15756.006918198364
6.564,112.675,66.6,15756.006918198364
6.565,74.689,46.7,6295.40953370977
6.565,74.689,46.7,6295.40953370977
6.566,59.625,58.1,4406.840517806916
6.566,59.625,58.1,4406.840517806916
6.572,76.231,49.0,6774.3618817739
6.572,76.231,49.0,6774.3618817739
6.573,59.217,51.1,4331.252497016761
6.573,59.217,51.1,4331.252497016761
6.574,86.386,61.8,9191.129654628085
6.574,86.386,61.8,9191.129654628085
6.579,48.813,46.2,2996.8136033068618
6.579,48.813,46.2,2996.8136033068618
6.598,27.053,58.5,1031.7429108870328
6.598,27.053,58.5,1031.7429108870328
6.606,68.624,66.5,5991.693487075309
6.606,68.624,66.5,5991.693487075309
6.609,46.438,59.6,2836.7483291362832
6.609,46.438,59.6,2836.7483291362832
6.614,72.125,59.2,6488.917286645024
6.614,72.125,59.2,6488.917286645024
6.618,45.228,42.1,2414.353616372136
6.618,45.228,42.1,2414.353616372136
6.621,117.853,61.9,16737.246057055512
6.621,117.853,61.9,16737.246057055512
6.621,58.355,44.6,4135.664562886799
6.621,58.355,44.6,4135.664562886799
6.623,117.572,67.8,17412.142002517707
6.623,117.572,67.8,17412.142002517707
6.63,123.353,67.1,19068.773074454395
6.63,123.353,67.1,19068.773074454395
6.644,88.671,53.4,9291.940512117017
6.644,88.671,53.4,9291.940512117017
6.656,86.38,67.6,5208.799081905989
6.656,86.38,67.6,5208.799081905989
6.66,114.771,61.1,15918.750629451431
6.66,114.771,61.1,15918.750629451431
6.687,31.969,22.6,1344.8075416032034
6.687,31.969,22.6,1344.8075416032034
6.696,115.039,68.8,17007.604889588794
6.696,115.039,68.8,17007.604889588794
6.701,15.578,56.1,396.49598710521553
6.701,15.578,56.1,396.49598710521553
6.703,16.065,12.4,229.4418193069562
6.703,16.065,12.4,229.4418193069562
6.712,114.234,67.1,16625.62668537328
6.712,114.234,67.1,16625.62668537328
6.713,107.984,59.5,14110.182633960145
6.713,107.984,59.5,14110.182633960145
6.713,117.335,69.5,17821.39155323889
6.713,117.335,69.5,17821.39155323889
6.73,19.131,25.4,251.4001580667768
6.73,19.131,25.4,251.4001580667768
6.73,99.548,67.9,12802.834853726385
6.73,99.548,67.9,12802.834853726385
6.733,68.921,53.2,5888.780866935656
6.733,68.921,53.2,5888.780866935656
6.744,36.242,39.2,1783.3805272221136
6.744,36.242,39.2,1783.3805272221136
6.746,46.231,38.1,2726.646502576701
6.746,46.231,38.1,2726.646502576701
6.752,93.011,65.7,10959.803074779087
6.752,93.011,65.7,10959.803074779087
6.754,77.501,48.5,7167.480771071134
6.754,77.501,48.5,7167.480771071134
6.77,95.218,65.1,11598.589696044168
6.77,95.218,65.1,11598.589696044168
6.773,82.567,58.4,8566.630290688474
6.773,82.567,58.4,8566.630290688474
6.78,39.822,33.9,1496.35898497344
6.78,39.822,33.9,1496.35898497344
6.789,116.048,62.0,16703.179122126206
6.789,116.048,62.0,16703.179122126206
6.804,61.683,57.4,4915.31604850176
6.804,61.683,57.4,4915.31604850176
6.804,96.301,63.0,11811.251487142978
6.804,96.301,63.0,11811.251487142978
6.807,40.381,35.9,1981.1250344901105
6.807,40.381,35.9,1981.1250344901105
6.82,91.526,69.7,11000.277855784012
6.82,91.526,69.7,11000.277855784012
6.828,53.709,38.0,3593.1348492832285
6.828,53.709,38.0,3593.1348492832285
6.84,16.121,63.0,492.3842255815686
6.84,16.121,63.0,492.3842255815686
6.857,41.17,26.6,2143.3682191724947
6.857,41.17,26.6,2143.3682191724947
6.861,109.972,68.1,15888.723911663596
6.861,109.972,68.1,15888.723911663596
6.861,62.165,67.9,5187.849161837547
6.861,62.165,67.9,5187.849161837547
6.865,71.309,50.1,6358.893412454988
6.865,71.309,50.1,6358.893412454988
6.866,115.868,67.6,17569.966439169933
6.866,115.868,67.6,17569.966439169933
6.892,87.962,68.4,10343.633124301145
6.892,87.962,68.4,10343.633124301145
6.91,37.349,41.7,1961.960632955038
6.91,37.349,41.7,1961.960632955038
6.913,110.021,65.5,15786.978809591325
6.913,110.021,65.5,15786.978809591325
6.913,69.321,59.7,6329.7271904426525
6.913,69.321,59.7,6329.7271904426525
6.94,53.874,56.0,3160.8793475782704
6.94,53.874,56.0,3160.8793475782704
6.956,89.395,62.2,10456.413297692145
6.956,89.395,62.2,10456.413297692145
6.977,15.432,18.8,463.1783918536852
6.977,15.432,18.8,463.1783918536852
6.98,58.546,55.3,4388.757777626871
6.98,58.546,55.3,4388.757777626871
6.982,119.837,69.4,19360.693716853955
6.982,119.837,69.4,19360.693716853955
6.983,84.385,56.8,9148.277982244872
6.983,84.385,56.8,9148.277982244872
6.994,81.59,63.4,402.4190828147787
6.994,81.59,63.4,402.4190828147787
7.017,104.912,69.4,14977.363350638703
7.017,104.912,69.4,14977.363350638703
7.017,108.114,60.3,14763.779763619305
7.017,108.114,60.3,14763.779763619305
7.018,29.297,65.6,1329.0702064996026
7.018,29.297,65.6,1329.0702064996026
7.022,18.713,32.0,631.6400661833841
7.022,18.713,32.0,631.6400661833841
7.035,18.408,69.1,230.13139251925568
7.035,18.408,69.1,230.13139251925568
7.038,95.372,57.9,11670.371940444416
7.038,95.372,57.9,11670.371940444416
7.051,111.27,62.3,16091.211881544372
7.051,111.27,62.3,16091.211881544372
7.056,83.196,51.7,8747.1067467298
7.056,83.196,51.7,8747.1067467298
7.06,40.375,53.2,2347.899736471445
7.06,40.375,53.2,2347.899736471445
7.061,41.675,39.3,2388.6538650126563
7.061,41.675,39.3,2388.6538650126563
7.062,109.331,65.0,15900.709605028382
7.062,109.331,65.0,15900.709605028382
7.072,122.954,65.0,19970.408992059467
7.072,122.954,65.0,19970.408992059467
7.074,122.147,63.5,19494.91038532014
7.074,122.147,63.5,19494.91038532014
7.077,113.424,64.7,17062.940869068163
7.077,113.424,64.7,17062.940869068163
7.08,60.786,47.4,4796.7104714458
7.08,60.786,47.4,4796.7104714458
7.082,115.275,65.8,17769.227754615677
7.082,115.275,65.8,17769.227754615677
7.087,24.837,19.2,776.7624424687473
7.087,24.837,19.2,776.7624424687473
7.093,25.793,53.7,1084.413418615842
7.093,25.793,53.7,1084.413418615842
7.093,88.436,63.7,10544.243670570702
7.093,88.436,63.7,10544.243670570702
7.102,51.655,36.9,3504.0495501726496
7.102,51.655,36.9,3504.0495501726496
7.105,22.717,52.3,874.8153834566176
7.105,22.717,52.3,874.8153834566176
7.115,126.099,63.9,20902.239972059608
7.115,126.099,63.9,20902.239972059608
7.129,121.47,66.7,19916.44850132374
7.129,121.47,66.7,19916.44850132374
7.133,47.343,31.5,2930.7570058264173
7.133,47.343,31.5,2930.7570058264173
7.153,115.429,64.6,17845.503615714417
7.153,115.429,64.6,17845.503615714417
7.155,63.863,47.4,5399.628610838386
7.155,63.863,47.4,5399.628610838386
7.159,68.407,51.8,6211.555905751142
7.159,68.407,51.8,6211.555905751142
7.179,119.738,68.3,19744.88082326274
7.179,119.738,68.3,19744.88082326274
7.186,67.765,66.6,6472.64179018337
7.186,67.765,66.6,6472.64179018337
7.19,118.326,67.1,19163.621058150256
7.19,118.326,67.1,19163.621058150256
7.19,66.744,51.2,5976.4257294076815
7.19,66.744,51.2,5976.4257294076815
7.192,100.698,66.1,13918.39267380931
7.192,100.698,66.1,13918.39267380931
7.194,78.867,67.9,8741.69089316048
7.194,78.867,67.9,8741.69089316048
7.196,65.369,54.7,5645.66724163458
7.196,65.369,54.7,5645.66724163458
7.221,96.05,68.1,9063.317847730874
7.221,96.05,68.1,9063.317847730874
7.235,46.57,34.4,2972.0500154340625
7.235,46.57,34.4,2972.0500154340625
7.236,51.739,46.9,802.0492106816806
7.236,51.739,46.9,802.0492106816806
7.239,124.871,64.0,20912.91696466411
7.239,124.871,64.0,20912.91696466411
7.246,68.7,48.9,6282.910176581678
7.246,68.7,48.9,6282.910176581678
7.248,120.71,69.0,20384.107218177545
7.248,120.71,69.0,20384.107218177545
7.251,44.111,49.1,1334.748743255503
7.251,44.111,49.1,1334.748743255503
7.251,44.982,61.8,2937.551406868284
7.251,44.982,61.8,2937.551406868284
7.267,50.542,42.0,3545.2274305887686
7.267,50.542,42.0,3545.2274305887686
7.27,27.627,53.3,1261.5883981023646
7.27,27.627,53.3,1261.5883981023646
7.282,84.503,65.3,9976.81168807901
7.282,84.503,65.3,9976.81168807901
7.288,50.779,34.4,3452.265551761374
7.288,50.779,34.4,3452.265551761374
7.296,108.307,66.5,16320.56454723458
7.296,108.307,66.5,16320.56454723458
7.298,28.357,66.1,1290.7211047139776
7.298,28.357,66.1,1290.7211047139776
7.308,80.369,60.4,8943.128772936197
7.308,80.369,60.4,8943.128772936197
7.321,82.709,62.4,9541.357296214746
7.321,82.709,62.4,9541.357296214746
7.336,15.01,41.4,489.7806598067902
7.336,15.01,41.4,489.7806598067902
7.345,90.787,68.8,11799.83618088158
7.345,90.787,68.8,11799.83618088158
7.35,47.209,38.6,3155.4958819579974
7.35,47.209,38.6,3155.4958819579974
7.362,80.793,64.1,9237.812479747448
7.362,80.793,64.1,9237.812479747448
7.362,91.052,60.8,11346.393855629389
7.362,91.052,60.8,11346.393855629389
7.372,59.491,65.2,5195.406226851696
7.372,59.491,65.2,5195.406226851696
7.374,49.51,48.0,2021.6878846976035
7.374,49.51,48.0,2021.6878846976035
7.38,68.876,62.4,6808.925759259561
7.38,68.876,62.4,6808.925759259561
7.394,66.749,48.6,6101.864748433248
7.394,66.749,48.6,6101.864748433248
7.395,61.011,42.7,5056.055141723971
7.395,61.011,42.7,5056.055141723971
7.396,114.789,65.2,18385.53708091396
7.396,114.789,65.2,18385.53708091396
7.396,27.184,40.9,1243.5037943539664
7.396,27.184,40.9,1243.5037943539664
7.404,107.374,64.1,15938.732405075694
7.404,107.374,64.1,15938.732405075694
7.405,31.593,67.7,1386.0816635294314
7.405,31.593,67.7,1386.0816635294314
7.416,59.088,62.8,5117.334448019985
7.416,59.088,62.8,5117.334448019985
7.418,33.645,21.7,1673.9102138421651
7.418,33.645,21.7,1673.9102138421651
7.419,63.81,43.1,5490.880879189281
7.419,63.81,43.1,5490.880879189281
7.425,12.843,64.6,410.7585639394639
7.425,12.843,64.6,410.7585639394639
7.433,88.042,57.5,10524.977495828542
7.433,88.042,57.5,10524.977495828542
7.435,40.678,50.7,2536.56362787292
7.435,40.678,50.7,2536.56362787292
7.449,56.702,40.9,4453.594215459264
7.449,56.702,40.9,4453.594215459264
7.452,95.509,59.8,12608.693381285895
7.452,95.509,59.8,12608.693381285895
7.453,71.421,57.3,7190.259172561708
7.453,71.421,57.3,7190.259172561708
7.456,24.299,22.5,1027.4771296146214
7.456,24.299,22.5,1027.4771296146214
7.466,56.02,46.2,4445.212779267302
7.466,56.02,46.2,4445.212779267302
7.467,75.975,53.6,7990.187405899571
7.467,75.975,53.6,7990.187405899571
7.468,22.813,17.4,915.7333382507468
7.468,22.813,17.4,915.7333382507468
7.486,42.01,67.6,2742.626205121381
7.486,42.01,67.6,2742.626205121381
7.49,58.942,60.1,5045.474937613223
7.49,58.942,60.1,5045.474937613223
7.829,52.878,40.8,4187.647982869591
7.829,52.878,40.8,4187.647982869591
7.837,108.008,64.6,17329.31771247999
7.837,108.008,64.6,17329.31771247999
7.843,82.626,66.3,10467.551550739365
7.843,82.626,66.3,10467.551550739365
7.849,87.049,68.3,11685.280261791144
7.849,87.049,68.3,11685.280261791144
7.85,89.414,55.5,11521.258518966746
7.85,89.414,55.5,11521.258518966746
7.854,121.163,66.5,21958.77902003304
7.854,121.163,66.5,21958.77902003304
7.866,105.627,63.8,16592.795287884514
7.866,105.627,63.8,16592.795287884514
7.894,65.751,63.6,6763.0600038627135
7.894,65.751,63.6,6763.0600038627135
7.911,47.381,40.3,3503.1637739751222
7.911,47.381,40.3,3503.1637739751222
7.935,99.994,61.8,14899.271462370098
7.935,99.994,61.8,14899.271462370098
7.995,107.074,65.1,17476.943381215333
7.995,107.074,65.1,17476.943381215333
7.995,94.425,57.9,13193.547768269858
7.995,94.425,57.9,13193.547768269858
8.004,48.971,60.4,3947.7096386405296
8.004,48.971,60.4,3947.7096386405296
8.007,102.907,60.1,15649.163110152183
8.007,102.907,60.1,15649.163110152183
8.014,21.791,34.1,978.0019914155806
8.014,21.791,34.1,978.0019914155806
8.019,49.283,58.4,3921.445154695713
8.019,49.283,58.4,3921.445154695713
8.042,107.793,69.7,18326.80495378164
8.042,107.793,69.7,18326.80495378164
8.045,31.14,20.7,1652.441083436756
8.045,31.14,20.7,1652.441083436756
8.054,108.14,69.1,18401.75942468133
8.054,108.14,69.1,18401.75942468133
8.054,46.016,56.2,3528.022175822593
8.054,46.016,56.2,3528.022175822593
8.06,81.874,54.3,9999.26247480163
8.06,81.874,54.3,9999.26247480163
8.065,99.851,66.1,15510.41873645722
8.065,99.851,66.1,15510.41873645722
8.069,59.475,59.2,5686.358072325113
8.069,59.475,59.2,5686.358072325113
8.077,41.08,43.0,2833.6863209964163
8.077,41.08,43.0,2833.6863209964163
8.08,29.84,22.0,570.7867818948484
8.08,29.84,22.0,570.7867818948484
8.08,94.158,59.0,13363.76582048886
8.08,94.158,59.0,13363.76582048886
8.087,78.594,53.1,9295.439993989294
8.087,78.594,53.1,9295.439993989294
8.099,64.302,47.8,6336.058519686899
8.099,64.302,47.8,6336.058519686899
8.106,19.873,55.9,875.2625504979768
8.106,19.873,55.9,875.2625504979768
8.109,117.805,65.0,21279.133126560988
8.109,117.805,65.0,21279.133126560988
8.114,106.057,65.9,17404.708415190544
8.114,106.057,65.9,17404.708415190544
8.115,106.546,59.8,16990.694994976457
8.115,106.546,59.8,16990.694994976457
8.122,46.372,65.3,3460.70911938243
8.122,46.372,65.3,3460.70911938243
8.125,18.116,64.5,466.6184798570959
8.125,18.116,64.5,466.6184798570959
8.139,16.075,64.5,241.24109404495132
8.139,16.075,64.5,241.24109404495132
8.154,29.542,53.8,1650.4708871340797
8.154,29.542,53.8,1650.4708871340797
8.155,73.893,63.2,8732.35329911668
8.155,73.893,63.2,8732.35329911668
8.156,121.409,69.9,23520.824403110277
8.156,121.409,69.9,23520.824403110277
8.168,70.452,45.8,7434.06206560461
8.168,70.452,45.8,7434.06206560461
8.171,66.57,45.2,6686.021042725284
8.171,66.57,45.2,6686.021042725284
8.18,126.135,69.3,25328.91017411845
8.18,126.135,69.3,25328.91017411845
8.18,93.69,64.9,13841.640438013095
8.18,93.69,64.9,13841.640438013095
8.188,29.023,27.4,1525.3725741114426
8.188,29.023,27.4,1525.3725741114426
8.193,108.266,65.5,18338.28654662019
8.193,108.266,65.5,18338.28654662019
8.195,60.65,44.6,5683.209668173339
8.195,60.65,44.6,5683.209668173339
8.212,97.847,65.1,15146.112688678231
8.212,97.847,65.1,15146.112688678231
8.222,65.516,52.5,6794.95563898169
8.222,65.516,52.5,6794.95563898169
8.227,118.797,64.3,21887.492940480726
8.227,118.797,64.3,21887.492940480726
8.23,48.86,41.7,3632.548653395928
8.23,48.86,41.7,3632.548653395928
8.235,68.768,67.9,7825.038409509684
8.235,68.768,67.9,7825.038409509684
8.237,121.715,62.7,22604.45681790057
8.237,121.715,62.7,22604.45681790057
8.268,67.694,67.2,7611.626277128586
8.268,67.694,67.2,7611.626277128586
8.27,86.585,59.8,11780.55983517073
8.27,86.585,59.8,11780.55983517073
8.289,39.556,36.4,2698.607074529508
8.289,39.556,36.4,2698.607074529508
8.297,22.977,30.4,1117.7378701501536
8.297,22.977,30.4,1117.7378701501536
8.309,69.49,63.7,7962.669630601022
8.309,69.49,63.7,7962.669630601022
8.325,41.185,59.8,3019.054034000116
8.325,41.185,59.8,3019.054034000116
8.329,33.365,38.7,2049.465602714526
8.329,33.365,38.7,2049.465602714526
8.33,41.332,25.8,2772.6235171173357
8.33,41.332,25.8,2772.6235171173357
8.35,120.409,69.1,23598.57002881553
8.35,120.409,69.1,23598.57002881553
8.35,123.108,64.5,23812.25897181546
8.35,123.108,64.5,23812.25897181546
8.351,119.776,66.2,22899.04312186733
8.351,119.776,66.2,22899.04312186733
8.355,101.787,62.2,16345.588511641416
8.355,101.787,62.2,16345.588511641416
8.371,65.799,41.3,6614.392709830665
8.371,65.799,41.3,6614.392709830665
8.381,105.052,60.5,17240.209806404917
8.381,105.052,60.5,17240.209806404917
8.381,26.697,66.8,1457.7337450360806
8.381,26.697,66.8,1457.7337450360806
8.41,99.008,69.1,16203.039651820423
8.41,99.008,69.1,16203.039651820423
8.436,42.154,36.1,3073.0583084581244
8.436,42.154,36.1,3073.0583084581244
8.437,68.103,69.0,7924.237557852286
8.437,68.103,69.0,7924.237557852286
8.439,46.546,40.2,3577.4028637253623
8.439,46.546,40.2,3577.4028637253623
8.453,93.702,60.1,14019.33207226222
8.453,93.702,60.1,14019.33207226222
8.458,27.891,47.4,1519.3721836107336
8.458,27.891,47.4,1519.3721836107336
8.458,46.679,35.0,3647.246560905958
8.458,46.679,35.0,3647.246560905958
8.46,67.359,46.1,7177.976820436794
8.46,67.359,46.1,7177.976820436794
8.466,42.698,42.6,3006.518077108647
8.466,42.698,42.6,3006.518077108647
8.476,125.798,68.7,26057.90578566653
8.476,125.798,68.7,26057.90578566653
8.48,13.49,9.1,540.2190662442359
8.48,13.49,9.1,540.2190662442359
8.491,79.563,55.0,10122.935802181462
8.491,79.563,55.0,10122.935802181462
8.499,33.754,34.5,1984.71795796761
8.499,33.754,34.5,1984.71795796761
8.503,105.355,66.5,18240.68204899336
8.503,105.355,66.5,18240.68204899336
8.505,123.93,63.9,24503.865819014987
8.505,123.93,63.9,24503.865819014987
8.507,116.412,65.6,22020.921789662258
8.507,116.412,65.6,22020.921789662258
8.508,126.695,65.8,25933.247431245367
8.508,126.695,65.8,25933.247431245367
8.512,62.998,41.1,6254.252191119294
8.512,62.998,41.1,6254.252191119294
8.52,65.644,51.6,7081.670283564559
8.52,65.644,51.6,7081.670283564559
8.524,31.731,34.6,1943.3966720182148
8.524,31.731,34.6,1943.3966720182148
8.526,29.361,45.6,1733.2792766065097
8.526,29.361,45.6,1733.2792766065097
8.532,38.481,49.6,2746.524922629576
8.532,38.481,49.6,2746.524922629576
8.536,126.596,69.7,26773.75441782016
8.536,126.596,69.7,26773.75441782016
8.537,95.038,62.5,14706.947971508904
8.537,95.038,62.5,14706.947971508904
8.539,73.611,62.3,9111.766040222376
8.544,60.743,57.1,6277.600155187011
8.555,76.613,64.3,9912.644680008982
8.563,44.758,45.4,3319.071313611774
8.563,57.367,44.1,992.54923073423
8.566,46.342,42.0,205.9639403580968
8.57,72.607,61.9,8903.990631790904
8.574,81.818,52.6,10635.17152656008
8.582,98.343,61.3,15013.873517114376
8.591,91.717,69.3,13618.59716485712
8.6,119.624,69.0,24040.44131578857
8.601,25.23,27.4,247.087491611288
8.601,28.83,17.8,1594.4903960235076
8.617,74.463,51.3,8985.333600688024
8.618,13.702,14.9,558.7495891435394
8.622,119.06,66.9,23558.381999645964
8.628,62.127,67.5,6799.761611579471
8.63,66.619,61.8,7646.999566355822
8.631,88.616,64.5,13204.2434114841
8.636,60.416,66.8,6459.02577181891
8.643,31.38,31.5,371.06557049015055
8.649,126.138,69.3,26891.58619991508
8.657,41.387,58.2,3139.432300121372
8.658,117.433,69.0,23365.892654680203
8.662,99.418,58.5,15926.734611385718
8.671,39.022,34.7,2797.9577858235184
8.675,28.828,69.4,1743.2252886651604
8.68,31.254,50.2,1969.2417560863255
8.68,31.254,50.2,1969.2417560863255
8.69,74.489,50.6,9056.569278942736
8.692,47.911,58.0,4185.309725261302
8.707,27.424,33.7,1586.1464183472222
8.709,103.92,59.6,17519.46958479137
8.724,118.407,64.1,23141.808440549343
8.733,37.326,23.2,2344.220270694145
8.734,90.565,61.7,13760.791988480503
8.755,77.349,60.0,9996.781432153144
8.757,102.104,67.4,17848.79838743864
8.759,93.406,58.3,14359.984217749345
8.763,52.356,62.7,5006.284450862565
8.766,91.705,69.8,14696.105001518525
8.786,18.967,23.2,917.3050918133094
8.814,31.136,66.2,1884.9803362193911
8.817,23.809,19.5,1271.2033709999764
8.819,86.618,51.8,12137.247667948512
8.825,32.94,69.6,2241.85944660059
8.836,43.112,68.2,3581.529434642081
8.837,45.57,52.7,3868.216014231232
8.838,118.041,67.8,23933.512104810245
8.846,113.959,62.3,21575.45865349484
8.846,53.887,61.3,5318.573811483383
8.861,111.043,68.1,21365.788151961067
8.867,26.118,51.1,1526.579525712911
8.869,53.76,40.6,1335.6201263761532
8.876,109.175,68.8,20793.66711736093
8.878,71.127,59.2,8838.769463389179
8.887,14.814,13.3,668.1410794650664
8.902,15.02,36.5,689.9218446584075
8.914,73.64,46.8,8942.648841770779
8.929,71.643,53.1,8819.109864020413
8.938,68.524,66.5,8508.89948646017
8.943,112.034,68.0,21942.019587020663
8.943,43.66,42.6,3529.655635118201
8.957,104.859,61.3,18583.18019882935
8.961,113.011,64.0,21783.159075918506
8.968,14.325,19.4,639.9574445790762
8.97,121.077,68.6,25682.50384849793
8.982,119.833,65.7,24712.600460328176
8.986,123.132,69.2,26709.77061693988
9.001,107.448,66.2,20155.123207391287
9.003,104.527,62.1,18678.45693750443
9.006,22.925,26.1,1255.6440002301324
9.006,85.853,66.7,13168.010453084584
9.007,20.863,12.8,1064.2176784590547
9.011,90.847,54.0,13720.024372701182
9.023,113.403,66.3,22435.38747648448
9.026,123.49,68.3,26814.606937995846
9.039,19.837,40.4,1035.1497630067886
9.05,23.959,17.7,1329.4983714393306
9.05,62.519,64.0,7152.42704233922
9.055,42.874,50.1,3581.452070803421
9.062,120.73,68.5,25812.76119132742
9.076,106.37,60.9,19312.868203337424
9.083,62.16,66.3,7211.059665790976
9.089,50.917,57.2,4797.751060400783
9.095,30.825,36.5,1996.4535721105608
9.096,56.144,62.4,5938.5860797675
9.102,126.432,68.0,28265.265750641545
9.108,18.404,46.1,920.0179051594628
9.108,21.602,29.7,92.30608758365264
9.138,68.914,44.4,8117.659821705573
9.146,112.695,63.6,22111.52251460669
9.155,30.081,21.4,1913.5248946711145
9.18,82.147,66.7,12363.43012284966
9.183,75.152,60.9,10247.594362583484
9.187,98.764,65.3,17477.091730571377
9.189,109.258,60.3,20505.24788669458
9.194,116.593,64.1,23777.55620280151
9.196,37.534,29.5,2788.1125300155586
9.201,114.14,62.7,22652.36726824258
9.202,89.084,62.5,14157.218381433617
9.203,84.683,65.8,13096.45670348198
9.208,119.496,63.8,24922.99237753773
9.209,79.359,65.5,11581.36251592161
9.214,26.887,58.5,1691.5826971356528
9.223,90.964,59.8,14599.77172194015
9.231,19.809,61.3,1061.189585067612
9.238,118.483,62.4,24361.3639593027
9.245,91.025,65.4,14912.463572119646
9.248,56.869,69.0,6280.92220245509
9.251,90.611,53.4,13962.024489020509
9.256,126.772,69.2,29190.26932359113
9.259,38.212,68.0,3079.0031006581667
9.262,106.013,69.5,20644.621649084645
9.263,110.808,62.1,21504.196539682864
9.266,84.34,60.2,12791.738015799578
9.282,43.845,54.8,3849.9452105664695
9.287,88.429,61.2,14064.654031483224
9.288,104.676,65.2,19743.468009138134
9.307,107.545,65.9,20846.085521594643
9.322,84.518,60.3,12936.361342767184
9.324,57.532,55.7,6309.022273826795
9.34,32.365,60.2,2337.9154065235657
9.347,15.384,48.9,704.7797326669888
9.355,43.887,41.4,3823.2624354002655
9.357,91.159,70.0,15538.325052431986
9.363,113.539,68.0,23672.297059060525
9.365,23.486,28.1,1387.1143607451247
9.369,91.328,58.2,14853.448170041036
9.374,42.331,58.5,3705.6096689855417
9.378,27.652,59.2,1820.5816298517025
9.38,28.201,47.7,1855.085793889137
9.381,101.747,67.0,19077.102059452867
9.383,99.88,65.6,18303.21226324514
9.396,26.642,39.8,1702.1512057504983
9.421,100.757,60.5,18068.43872933165
9.432,56.548,58.0,6234.964996274342
9.435,47.416,63.6,4410.560412341962
9.44,43.697,63.5,3975.072432460197
9.441,120.39,63.4,25893.1933316298
9.441,45.478,59.3,4221.059032027392
9.446,30.058,46.9,2066.1208647572303
9.464,93.018,55.1,15252.194931044362
9.466,119.469,63.5,25604.26830233676
9.471,83.867,61.4,13046.273638724477
9.489,60.167,58.8,7021.763383242735
9.497,44.749,43.5,4038.477631095908
9.505,100.827,60.6,18382.504934747663
9.509,56.958,59.2,6364.810615561005
9.523,83.932,51.0,12477.256325908626
